{
	"$schema": "http://schema.management.azure.com/schemas/2015-01-01/deploymentTemplate.json#",
	"contentVersion": "1.0.0.0",
	"parameters": {
		"factoryName": {
			"type": "string",
			"metadata": "Data Factory name",
			"defaultValue": "adfOrchestrateDailyDevelopment"
		},
		"AzureAisDataLake_accountKey": {
			"type": "secureString",
			"metadata": "Secure string for 'accountKey' of 'AzureAisDataLake'"
		},
		"DKMonitoring_accessToken": {
			"type": "secureString",
			"metadata": "Secure string for 'accessToken' of 'DKMonitoring'"
		},
		"AzureAisDataLake_properties_typeProperties_url": {
			"type": "string",
			"defaultValue": "https://amitadls.dfs.core.windows.net/"
		},
		"DKMonitoring_properties_typeProperties_existingClusterId": {
			"type": "string",
			"defaultValue": "1215-124615-4a77eb3z"
		},
		"lsWebAIS_properties_typeProperties_url": {
			"type": "string",
			"defaultValue": "https://web.ais.dk/aisdata/"
		}
	},
	"variables": {
		"factoryId": "[concat('Microsoft.DataFactory/factories/', parameters('factoryName'))]"
	},
	"resources": [
		{
			"name": "[concat(parameters('factoryName'), '/AzureAisDataLake')]",
			"type": "Microsoft.DataFactory/factories/linkedServices",
			"apiVersion": "2018-06-01",
			"properties": {
				"annotations": [],
				"type": "AzureBlobFS",
				"typeProperties": {
					"url": "[parameters('AzureAisDataLake_properties_typeProperties_url')]",
					"accountKey": {
						"type": "SecureString",
						"value": "[parameters('AzureAisDataLake_accountKey')]"
					}
				}
			},
			"dependsOn": []
		},
		{
			"name": "[concat(parameters('factoryName'), '/DKMonitoring')]",
			"type": "Microsoft.DataFactory/factories/linkedServices",
			"apiVersion": "2018-06-01",
			"properties": {
				"annotations": [],
				"type": "AzureDatabricks",
				"typeProperties": {
					"domain": "https://adb-577738901343701.1.azuredatabricks.net",
					"accessToken": {
						"type": "SecureString",
						"value": "[parameters('DKMonitoring_accessToken')]"
					},
					"existingClusterId": "[parameters('DKMonitoring_properties_typeProperties_existingClusterId')]"
				}
			},
			"dependsOn": []
		},
		{
			"name": "[concat(parameters('factoryName'), '/integrationRuntimeAIS')]",
			"type": "Microsoft.DataFactory/factories/integrationRuntimes",
			"apiVersion": "2018-06-01",
			"properties": {
				"type": "SelfHosted",
				"typeProperties": {}
			},
			"dependsOn": []
		},
		{
			"name": "[concat(parameters('factoryName'), '/irAIS')]",
			"type": "Microsoft.DataFactory/factories/integrationRuntimes",
			"apiVersion": "2018-06-01",
			"properties": {
				"type": "SelfHosted",
				"typeProperties": {}
			},
			"dependsOn": []
		},
		{
			"name": "[concat(parameters('factoryName'), '/dkMonitoringSites')]",
			"type": "Microsoft.DataFactory/factories/pipelines",
			"apiVersion": "2018-06-01",
			"properties": {
				"activities": [
					{
						"name": "xmltoTabular",
						"type": "DatabricksNotebook",
						"dependsOn": [],
						"policy": {
							"timeout": "0.12:00:00",
							"retry": 0,
							"retryIntervalInSeconds": 30,
							"secureOutput": false,
							"secureInput": false
						},
						"userProperties": [],
						"typeProperties": {
							"notebookPath": "/Users/2021sc04212@wilp.bits-pilani.ac.in/DK Monitoring Sites"
						},
						"linkedServiceName": {
							"referenceName": "DKMonitoring",
							"type": "LinkedServiceReference"
						}
					}
				],
				"policy": {
					"elapsedTimeMetric": {}
				},
				"variables": {
					"LatestFileName": {
						"type": "String"
					},
					"PreviousModifiedDate": {
						"type": "String",
						"defaultValue": "1900-01-01 00:00"
					},
					"FinalFile": {
						"type": "String"
					}
				},
				"annotations": []
			},
			"dependsOn": [
				"[concat(variables('factoryId'), '/linkedServices/DKMonitoring')]"
			]
		},
		{
			"name": "[concat(parameters('factoryName'), '/lsWebAIS')]",
			"type": "Microsoft.DataFactory/factories/linkedServices",
			"apiVersion": "2018-06-01",
			"properties": {
				"annotations": [],
				"type": "Web",
				"typeProperties": {
					"url": "[parameters('lsWebAIS_properties_typeProperties_url')]",
					"authenticationType": "Anonymous"
				},
				"connectVia": {
					"referenceName": "integrationRuntimeAIS",
					"type": "IntegrationRuntimeReference"
				}
			},
			"dependsOn": [
				"[concat(variables('factoryId'), '/integrationRuntimes/integrationRuntimeAIS')]"
			]
		},
		{
			"name": "[concat(parameters('factoryName'), '/WebTableAIS')]",
			"type": "Microsoft.DataFactory/factories/datasets",
			"apiVersion": "2018-06-01",
			"properties": {
				"linkedServiceName": {
					"referenceName": "lsWebAIS",
					"type": "LinkedServiceReference"
				},
				"annotations": [],
				"type": "WebTable",
				"schema": [],
				"typeProperties": {
					"index": 0
				}
			},
			"dependsOn": [
				"[concat(variables('factoryId'), '/linkedServices/lsWebAIS')]"
			]
		}
	]
}