{
	"$schema": "https://schema.management.azure.com/schemas/2015-01-01/deploymentParameters.json#",
	"contentVersion": "1.0.0.0",
	"parameters": {
		"factoryName": {
			"value": "adfOrchestrateDailyDevelopment"
		},
		"AzureAisDataLake_accountKey": {
			"value": ""
		},
		"DKMonitoring_accessToken": {
			"value": ""
		},
		"AzureAisDataLake_properties_typeProperties_url": {
			"value": "https://amitadls.dfs.core.windows.net/"
		},
		"DKMonitoring_properties_typeProperties_existingClusterId": {
			"value": "1215-124615-4a77eb3z"
		},
		"lsWebAIS_properties_typeProperties_url": {
			"value": "https://web.ais.dk/aisdata/"
		},
		"containerUri": {
			"value": ""
		},
		"containerSasToken": {
			"value": ""
		}
	}
}